modelo,R2,RMSE
Regresión Lineal Simple,0.000938366703802318,23.272382206993967
Regresión Lineal Múltiple,0.2374385909803115,20.332094135426402
Random Forest,-0.08995552784658156,31.697734694269876
